hezbollah;https://www.counterextremism.com/;
hezbollah;https://www.counterextremism.com/;
hezbollah;https://www.counterextremism.com/;
hezbollah;https://www.counterextremism.com/;
hezbollah;https://www.counterextremism.com/;
hezbollah;https://www.counterextremism.com/;
hezbollah;https://www.counterextremism.com/;
hezbollah;https://www.counterextremism.com/about;
hezbollah;https://www.counterextremism.com/about;
hezbollah;https://www.counterextremism.com/about;
hezbollah;https://www.counterextremism.com/about;
hezbollah;https://www.counterextremism.com/about;
hezbollah;https://www.counterextremism.com/hezbollah-in-lebanon;
hezbollah;https://www.counterextremism.com/hezbollah-in-lebanon;
hezbollah;https://www.counterextremism.com/hezbollah-in-lebanon;
hezbollah;https://www.counterextremism.com/hezbollah-in-lebanon;
hezbollah;https://www.counterextremism.com/hezbollah-in-lebanon;
hezbollah;https://www.counterextremism.com/hezbollah-in-lebanon;
hezbollah;https://www.counterextremism.com/hezbollah-in-lebanon;
hezbollah;https://www.counterextremism.com/hezbollah-in-lebanon;
hezbollah;https://www.counterextremism.com/hezbollah-in-lebanon;
hezbollah;https://www.counterextremism.com/hezbollah-in-lebanon;
hezbollah;https://www.counterextremism.com/hezbollah-in-lebanon;
hezbollah;https://www.counterextremism.com/hezbollah-in-lebanon;
hezbollah;https://www.counterextremism.com/hezbollah-in-lebanon;
hezbollah;https://www.counterextremism.com/hezbollah-in-lebanon;
hezbollah;https://www.counterextremism.com/hezbollah-in-lebanon;
hezbollah;https://www.counterextremism.com/hezbollah-in-lebanon;
hezbollah;https://www.counterextremism.com/hezbollah-in-lebanon;
hezbollah;https://www.counterextremism.com/hezbollah-in-lebanon;
hezbollah;https://www.counterextremism.com/hezbollah-in-lebanon;
hezbollah;https://www.counterextremism.com/hezbollah-in-lebanon;
hezbollah;https://www.counterextremism.com/hezbollah-in-lebanon;
hezbollah;https://www.counterextremism.com/hezbollah-in-lebanon;
hezbollah;https://www.counterextremism.com/hezbollah-in-lebanon;
hezbollah;https://www.counterextremism.com/hezbollah-in-lebanon;
hezbollah;https://www.counterextremism.com/hezbollah-in-lebanon;
hezbollah;https://www.counterextremism.com/hezbollah-in-lebanon;
hezbollah;https://www.counterextremism.com/hezbollah-in-lebanon;
hezbollah;https://www.counterextremism.com/hezbollah-in-lebanon;
hezbollah;https://www.counterextremism.com/hezbollah-in-lebanon;
hezbollah;https://www.counterextremism.com/hezbollah-in-lebanon;
hezbollah;https://www.counterextremism.com/hezbollah-in-lebanon;
hezbollah;https://www.counterextremism.com/hezbollah-in-lebanon;
hezbollah;https://www.counterextremism.com/hezbollah-in-lebanon;
hezbollah;https://www.counterextremism.com/hezbollah-in-lebanon;
hezbollah;https://www.counterextremism.com/hezbollah-in-lebanon;
hezbollah;https://www.counterextremism.com/hezbollah-in-lebanon;
hezbollah;https://www.counterextremism.com/hezbollah-in-lebanon;
hezbollah;https://www.counterextremism.com/hezbollah-in-lebanon;
hezbollah;https://www.counterextremism.com/hezbollah-in-lebanon;
hezbollah;https://www.counterextremism.com/hezbollah-in-lebanon;
hezbollah;https://www.counterextremism.com/hezbollah-in-lebanon;
hezbollah;https://www.counterextremism.com/hezbollah-in-lebanon;
hezbollah;https://www.counterextremism.com/hezbollah-in-lebanon;
hezbollah;https://www.counterextremism.com/hezbollah-in-lebanon;
hezbollah;https://www.counterextremism.com/hezbollah-in-lebanon;
hezbollah;https://www.counterextremism.com/hezbollah-in-lebanon;
hezbollah;https://www.counterextremism.com/hezbollah-in-lebanon;
hezbollah;https://www.counterextremism.com/hezbollah-in-lebanon;
hezbollah;https://www.counterextremism.com/hezbollah-in-lebanon;
hezbollah;https://www.counterextremism.com/hezbollah-in-lebanon;
hezbollah;https://www.counterextremism.com/hezbollah-in-lebanon;
hezbollah;https://www.counterextremism.com/hezbollah-in-lebanon;
hezbollah;https://www.counterextremism.com/hezbollah-in-lebanon;
hezbollah;https://www.counterextremism.com/hezbollah-in-lebanon;
hezbollah;https://www.counterextremism.com/hezbollah-in-lebanon;
hezbollah;https://www.counterextremism.com/hezbollah-in-lebanon;
hezbollah;https://www.counterextremism.com/hezbollah-in-lebanon;
hezbollah;https://www.counterextremism.com/hezbollah-in-lebanon;
hezbollah;https://www.counterextremism.com/hezbollah-in-lebanon;
hezbollah;https://www.counterextremism.com/hezbollah-in-lebanon;
hezbollah;https://www.counterextremism.com/hezbollah-in-lebanon;
hezbollah;https://www.counterextremism.com/hezbollah-in-lebanon;
hezbollah;https://www.counterextremism.com/hezbollah-in-lebanon;
hezbollah;https://www.counterextremism.com/hezbollah-in-lebanon;
hezbollah;https://www.counterextremism.com/hezbollah-in-lebanon;
hezbollah;https://www.counterextremism.com/hezbollah-in-lebanon;
hezbollah;https://www.counterextremism.com/hezbollah-in-lebanon;
hezbollah;https://www.counterextremism.com/hezbollah-in-lebanon;
hezbollah;https://www.counterextremism.com/hezbollah-in-lebanon;
hezbollah;https://www.counterextremism.com/hezbollah-in-lebanon;
hezbollah;https://www.counterextremism.com/hezbollah-in-lebanon;
hezbollah;https://www.counterextremism.com/hezbollah-in-lebanon;
hezbollah;https://www.counterextremism.com/hezbollah-in-lebanon;
hezbollah;https://www.counterextremism.com/hezbollah-in-lebanon;
hezbollah;https://www.counterextremism.com/hezbollah-in-lebanon;
hezbollah;https://www.counterextremism.com/hezbollah-in-lebanon;
hezbollah;https://www.counterextremism.com/hezbollah-in-lebanon;
hezbollah;https://www.counterextremism.com/hezbollah-in-lebanon;
hezbollah;https://www.counterextremism.com/hezbollah-in-lebanon;
hezbollah;https://www.counterextremism.com/hezbollah-in-lebanon;
hezbollah;https://www.counterextremism.com/hezbollah-in-lebanon;
hezbollah;https://www.counterextremism.com/hezbollah-in-lebanon;
hezbollah;https://www.counterextremism.com/hezbollah-in-lebanon;
hezbollah;https://www.counterextremism.com/hezbollah-in-lebanon;
hezbollah;https://www.counterextremism.com/hezbollah-in-lebanon;
hezbollah;https://www.counterextremism.com/hezbollah-in-lebanon;
hezbollah;https://www.counterextremism.com/hezbollah-in-lebanon;
hezbollah;https://www.counterextremism.com/hezbollah-in-lebanon;
hezbollah;https://www.counterextremism.com/hezbollah-in-lebanon;
hezbollah;https://www.counterextremism.com/hezbollah-in-lebanon;
hezbollah;https://www.counterextremism.com/hezbollah-in-lebanon;
hezbollah;https://www.counterextremism.com/hezbollah-in-lebanon;
hezbollah;https://www.counterextremism.com/hezbollah-in-lebanon;
hezbollah;https://www.counterextremism.com/hezbollah-in-lebanon;
hezbollah;https://www.counterextremism.com/hezbollah-in-lebanon;
hezbollah;https://www.counterextremism.com/hezbollah-in-lebanon;
hezbollah;https://www.counterextremism.com/hezbollah-in-lebanon;
hezbollah;https://www.counterextremism.com/hezbollah-in-lebanon;
hezbollah;https://www.counterextremism.com/hezbollah-in-lebanon;
hezbollah;https://www.counterextremism.com/hezbollah-in-lebanon;
hezbollah;https://www.counterextremism.com/hezbollah-in-lebanon;
hezbollah;https://www.counterextremism.com/hezbollah-in-lebanon;
hezbollah;https://www.counterextremism.com/hezbollah-in-lebanon;
hezbollah;https://www.counterextremism.com/hezbollah-in-lebanon;
hezbollah;https://www.counterextremism.com/hezbollah-in-lebanon;
hezbollah;https://www.counterextremism.com/hezbollah-in-lebanon;
hezbollah;https://www.counterextremism.com/hezbollah-in-lebanon;
hezbollah;https://www.counterextremism.com/hezbollah-in-lebanon;
hezbollah;https://www.counterextremism.com/hezbollah-in-lebanon;
hezbollah;https://www.counterextremism.com/hezbollah-in-lebanon;
hezbollah;https://www.counterextremism.com/hezbollah-in-lebanon;
hezbollah;https://www.counterextremism.com/hezbollah-in-lebanon;
hezbollah;https://www.counterextremism.com/hezbollah-in-lebanon;
hezbollah;https://www.counterextremism.com/hezbollah-in-lebanon;
hezbollah;https://www.counterextremism.com/hezbollah-in-lebanon;
hezbollah;https://www.counterextremism.com/hezbollah-in-lebanon;
hezbollah;https://www.counterextremism.com/hezbollah-in-lebanon;
hezbollah;https://www.counterextremism.com/hezbollah-in-lebanon;
hezbollah;https://www.counterextremism.com/hezbollah-in-lebanon;
hezbollah;https://www.counterextremism.com/hezbollah-in-lebanon;
hezbollah;https://www.counterextremism.com/hezbollah-in-lebanon;
hezbollah;https://www.counterextremism.com/hezbollah-in-lebanon;
hezbollah;https://www.counterextremism.com/hezbollah-in-lebanon;
hezbollah;https://www.counterextremism.com/hezbollah-in-lebanon;
hezbollah;https://www.counterextremism.com/hezbollah-in-lebanon;
hezbollah;https://www.counterextremism.com/hezbollah-in-lebanon;
hezbollah;https://www.counterextremism.com/hezbollah-in-lebanon;
hezbollah;https://www.counterextremism.com/hezbollah-in-lebanon;
hezbollah;https://www.counterextremism.com/hezbollah-in-lebanon;
hezbollah;https://www.counterextremism.com/hezbollah-in-lebanon;
hezbollah;https://www.counterextremism.com/hezbollah-in-lebanon;
hezbollah;https://www.counterextremism.com/hezbollah-in-lebanon;
hezbollah;https://www.counterextremism.com/hezbollah-in-lebanon;
hezbollah;https://www.counterextremism.com/hezbollah-in-lebanon;
hezbollah;https://www.counterextremism.com/hezbollah-in-lebanon;
hezbollah;https://www.counterextremism.com/hezbollah-in-lebanon;
hezbollah;https://www.counterextremism.com/hezbollah-in-lebanon;
hezbollah;https://www.counterextremism.com/hezbollah-in-lebanon;
hezbollah;https://www.counterextremism.com/hezbollah-in-lebanon;
hezbollah;https://www.counterextremism.com/hezbollah-in-lebanon;
hezbollah;https://www.counterextremism.com/hezbollah-in-lebanon;
hezbollah;https://www.counterextremism.com/hezbollah-in-lebanon;
hezbollah;https://www.counterextremism.com/hezbollah-in-lebanon;
hezbollah;https://www.counterextremism.com/hezbollah-in-lebanon;
hezbollah;https://www.counterextremism.com/hezbollah-in-lebanon;
hezbollah;https://www.counterextremism.com/hezbollah-in-lebanon;
hezbollah;https://www.counterextremism.com/hezbollah-in-lebanon;
hezbollah;https://www.counterextremism.com/hezbollah-in-lebanon;
hezbollah;https://www.counterextremism.com/hezbollah-in-lebanon;
hezbollah;https://www.counterextremism.com/hezbollah-in-lebanon;
hezbollah;https://www.counterextremism.com/hezbollah-in-lebanon;
hezbollah;https://www.counterextremism.com/hezbollah-in-lebanon;
hezbollah;https://www.counterextremism.com/hezbollah-in-lebanon;
hezbollah;https://www.counterextremism.com/hezbollah-in-lebanon;
hezbollah;https://www.counterextremism.com/hezbollah-in-lebanon;
hezbollah;https://www.counterextremism.com/hezbollah-in-lebanon;
hezbollah;https://www.counterextremism.com/hezbollah-in-lebanon;
hezbollah;https://www.counterextremism.com/hezbollah-in-lebanon;
hezbollah;https://www.counterextremism.com/hezbollah-in-lebanon;
hezbollah;https://www.counterextremism.com/hezbollah-in-lebanon;
hezbollah;https://www.counterextremism.com/hezbollah-in-lebanon;
hezbollah;https://www.counterextremism.com/hezbollah-in-lebanon;
hezbollah;https://www.counterextremism.com/hezbollah-in-lebanon;
hezbollah;https://www.counterextremism.com/hezbollah-in-lebanon;
hezbollah;https://www.counterextremism.com/hezbollah-in-lebanon;
hezbollah;https://www.counterextremism.com/hezbollah-in-lebanon;
hezbollah;https://www.counterextremism.com/hezbollah-in-lebanon;
hezbollah;https://www.counterextremism.com/hezbollah-in-lebanon;
hezbollah;https://www.counterextremism.com/hezbollah-in-lebanon;
hezbollah;https://www.counterextremism.com/hezbollah-in-lebanon;
hezbollah;https://www.counterextremism.com/hezbollah-in-lebanon;
hezbollah;https://www.counterextremism.com/hezbollah-in-lebanon;
hezbollah;https://www.counterextremism.com/hezbollah-in-lebanon;
hezbollah;https://www.counterextremism.com/hezbollah-in-lebanon;
hezbollah;https://www.counterextremism.com/hezbollah-in-lebanon;
hezbollah;https://www.counterextremism.com/hezbollah-in-lebanon;
hezbollah;https://www.counterextremism.com/hezbollah-in-lebanon;
hezbollah;https://www.counterextremism.com/hezbollah-in-lebanon;
hezbollah;https://www.counterextremism.com/hezbollah-in-lebanon;
hezbollah;https://www.counterextremism.com/hezbollah-in-lebanon;
hezbollah;https://www.counterextremism.com/hezbollah-in-lebanon;
hezbollah;https://www.counterextremism.com/hezbollah-in-lebanon;
hezbollah;https://www.counterextremism.com/hezbollah-in-lebanon;
hezbollah;https://www.counterextremism.com/hezbollah-in-lebanon;
hezbollah;https://www.counterextremism.com/hezbollah-in-lebanon;
hezbollah;https://www.counterextremism.com/hezbollah-in-lebanon;
hezbollah;https://www.counterextremism.com/hezbollah-in-lebanon;
hezbollah;https://www.counterextremism.com/hezbollah-in-lebanon;
hezbollah;https://www.counterextremism.com/hezbollah-in-lebanon;
hezbollah;https://www.counterextremism.com/hezbollah-in-lebanon;
hezbollah;https://www.counterextremism.com/hezbollah-in-lebanon;
hezbollah;https://www.counterextremism.com/hezbollah-in-lebanon;
hezbollah;https://www.counterextremism.com/hezbollah-in-lebanon;
hezbollah;https://www.counterextremism.com/hezbollah-in-lebanon;
hezbollah;https://www.counterextremism.com/hezbollah-in-lebanon;
hezbollah;https://www.counterextremism.com/hezbollah-in-lebanon;
hezbollah;https://www.counterextremism.com/hezbollah-in-lebanon;
hezbollah;https://www.counterextremism.com/hezbollah-in-lebanon;
hezbollah;https://www.counterextremism.com/hezbollah-in-lebanon;
hezbollah;https://www.counterextremism.com/hezbollah-in-lebanon;
hezbollah;https://www.counterextremism.com/hezbollah-in-lebanon;
hezbollah;https://www.counterextremism.com/hezbollah-in-lebanon;
hezbollah;https://www.counterextremism.com/hezbollah-in-lebanon;
hezbollah;https://www.counterextremism.com/hezbollah-in-lebanon;
hezbollah;https://www.counterextremism.com/hezbollah-in-lebanon;
hezbollah;https://www.counterextremism.com/hezbollah-in-lebanon;
hezbollah;https://www.counterextremism.com/hezbollah-in-lebanon;
hezbollah;https://www.counterextremism.com/hezbollah-in-lebanon;
hezbollah;https://www.counterextremism.com/hezbollah-in-lebanon;
hezbollah;https://www.counterextremism.com/hezbollah-in-lebanon;
hezbollah;https://www.counterextremism.com/hezbollah-in-lebanon;
hezbollah;https://www.counterextremism.com/hezbollah-in-lebanon;
hezbollah;https://www.counterextremism.com/hezbollah-in-lebanon;
hezbollah;https://www.counterextremism.com/hezbollah-in-lebanon;
hezbollah;https://www.counterextremism.com/hezbollah-in-lebanon;
hezbollah;https://www.counterextremism.com/hezbollah-in-lebanon;
hezbollah;https://www.counterextremism.com/hezbollah-in-lebanon;
hezbollah;https://www.counterextremism.com/hezbollah-in-lebanon;
hezbollah;https://www.counterextremism.com/hezbollah-in-lebanon;
hezbollah;https://www.counterextremism.com/hezbollah-in-lebanon;
hezbollah;https://www.counterextremism.com/hezbollah-in-lebanon;
hezbollah;https://www.counterextremism.com/hezbollah-in-lebanon;
hezbollah;https://www.counterextremism.com/hezbollah-in-lebanon;
hezbollah;https://www.counterextremism.com/hezbollah-in-lebanon;
hezbollah;https://www.counterextremism.com/hezbollah-in-lebanon;
hezbollah;https://www.counterextremism.com/hezbollah-in-lebanon;
hezbollah;https://www.counterextremism.com/hezbollah-in-lebanon;
hezbollah;https://www.counterextremism.com/hezbollah-in-lebanon;
hezbollah;https://www.counterextremism.com/news-and-media;
hezbollah;https://www.counterextremism.com/news-and-media;
hezbollah;https://www.counterextremism.com/news-and-media;
hezbollah;https://www.counterextremism.com/news-and-media;
hezbollah;https://www.counterextremism.com/news-and-media;
hezbollah;https://www.counterextremism.com/news-and-media;
hezbollah;https://www.counterextremism.com/news-and-media;
hezbollah;https://www.counterextremism.com/news-and-media;
hezbollah;https://www.counterextremism.com/news-and-media;
hezbollah;https://www.counterextremism.com/news-and-media;
hezbollah;https://www.counterextremism.com/news-and-media;
hezbollah;https://www.counterextremism.com/news-and-media;
hezbollah;https://www.counterextremism.com/mission-statement;
hezbollah;https://www.counterextremism.com/mission-statement;
hezbollah;https://www.counterextremism.com/mission-statement;
hezbollah;https://www.counterextremism.com/mission-statement;
hezbollah;https://www.counterextremism.com/mission-statement;
hezbollah;https://www.counterextremism.com/about/faqs;
hezbollah;https://www.counterextremism.com/about/faqs;
hezbollah;https://www.counterextremism.com/about/faqs;
hezbollah;https://www.counterextremism.com/about/faqs;
hezbollah;https://www.counterextremism.com/about/faqs;
hezbollah;https://www.counterextremism.com/leadership;
hezbollah;https://www.counterextremism.com/leadership;
hezbollah;https://www.counterextremism.com/leadership;
hezbollah;https://www.counterextremism.com/leadership;
hezbollah;https://www.counterextremism.com/leadership;
hezbollah;https://www.counterextremism.com/content/careers;
hezbollah;https://www.counterextremism.com/content/careers;
hezbollah;https://www.counterextremism.com/content/careers;
hezbollah;https://www.counterextremism.com/content/careers;
hezbollah;https://www.counterextremism.com/content/careers;
hezbollah;https://www.counterextremism.com/office-uk;
hezbollah;https://www.counterextremism.com/office-uk;
hezbollah;https://www.counterextremism.com/office-uk;
hezbollah;https://www.counterextremism.com/office-uk;
hezbollah;https://www.counterextremism.com/office-uk;
hezbollah;https://www.counterextremism.com/threat/ansar-al-sharia-libya-asl;
hezbollah;https://www.counterextremism.com/threat/ansar-al-sharia-libya-asl;
hezbollah;https://www.counterextremism.com/threat/ansar-al-sharia-libya-asl;
hezbollah;https://www.counterextremism.com/threat/ansar-al-sharia-libya-asl;
hezbollah;https://www.counterextremism.com/threat/ansar-al-sharia-libya-asl;
hezbollah;https://www.counterextremism.com/threat/al-shabab;
hezbollah;https://www.counterextremism.com/threat/al-shabab;
hezbollah;https://www.counterextremism.com/threat/al-shabab;
hezbollah;https://www.counterextremism.com/threat/al-shabab;
hezbollah;https://www.counterextremism.com/threat/al-shabab;
hezbollah;https://www.counterextremism.com/threat/al-qaeda-islamic-maghreb-aqim;
hezbollah;https://www.counterextremism.com/threat/al-qaeda-islamic-maghreb-aqim;
hezbollah;https://www.counterextremism.com/threat/al-qaeda-islamic-maghreb-aqim;
hezbollah;https://www.counterextremism.com/threat/al-qaeda-islamic-maghreb-aqim;
hezbollah;https://www.counterextremism.com/threat/al-qaeda-islamic-maghreb-aqim;
hezbollah;https://www.counterextremism.com/threat/al-qaeda-islamic-maghreb-aqim;
hezbollah;https://www.counterextremism.com/threat/al-qaeda-islamic-maghreb-aqim;
hezbollah;https://www.counterextremism.com/threat/al-qaeda-indian-subcontinent-aqis;
hezbollah;https://www.counterextremism.com/threat/al-qaeda-indian-subcontinent-aqis;
hezbollah;https://www.counterextremism.com/threat/al-qaeda-indian-subcontinent-aqis;
hezbollah;https://www.counterextremism.com/threat/al-qaeda-indian-subcontinent-aqis;
hezbollah;https://www.counterextremism.com/threat/al-qaeda-indian-subcontinent-aqis;
hezbollah;https://www.counterextremism.com/copyright-policy;
hezbollah;https://www.counterextremism.com/copyright-policy;
hezbollah;https://www.counterextremism.com/copyright-policy;
hezbollah;https://www.counterextremism.com/copyright-policy;
hezbollah;https://www.counterextremism.com/copyright-policy;
hezbollah;https://www.counterextremism.com/extremists/naim-qassem;
hezbollah;https://www.counterextremism.com/extremists/naim-qassem;
hezbollah;https://www.counterextremism.com/extremists/naim-qassem;
hezbollah;https://www.counterextremism.com/extremists/naim-qassem;
hezbollah;https://www.counterextremism.com/extremists/naim-qassem;
hezbollah;https://www.counterextremism.com/extremists/naim-qassem;
hezbollah;https://www.counterextremism.com/extremists/naim-qassem;
hezbollah;https://www.counterextremism.com/extremists/naim-qassem;
hezbollah;https://www.counterextremism.com/extremists/naim-qassem;
hezbollah;https://www.counterextremism.com/extremists/naim-qassem;
hezbollah;https://www.counterextremism.com/extremists/naim-qassem;
hezbollah;https://www.counterextremism.com/extremists/naim-qassem;
hezbollah;https://www.counterextremism.com/extremists/naim-qassem;
hezbollah;https://www.counterextremism.com/extremists/naim-qassem;
hezbollah;https://www.counterextremism.com/threat/al-qaeda-arabian-peninsula-aqap;
hezbollah;https://www.counterextremism.com/threat/al-qaeda-arabian-peninsula-aqap;
hezbollah;https://www.counterextremism.com/threat/al-qaeda-arabian-peninsula-aqap;
hezbollah;https://www.counterextremism.com/threat/al-qaeda-arabian-peninsula-aqap;
hezbollah;https://www.counterextremism.com/threat/al-qaeda-arabian-peninsula-aqap;
hezbollah;https://www.counterextremism.com/roundup/eye-extremism-march-4-2019;
hezbollah;https://www.counterextremism.com/roundup/eye-extremism-march-4-2019;
hezbollah;https://www.counterextremism.com/roundup/eye-extremism-march-4-2019;
hezbollah;https://www.counterextremism.com/roundup/eye-extremism-march-4-2019;
hezbollah;https://www.counterextremism.com/roundup/eye-extremism-march-4-2019;
hezbollah;https://www.counterextremism.com/press/nick-clegg-sets-out-collaborative-vision-facebook-content-regulation;
hezbollah;https://www.counterextremism.com/press/nick-clegg-sets-out-collaborative-vision-facebook-content-regulation;
hezbollah;https://www.counterextremism.com/press/nick-clegg-sets-out-collaborative-vision-facebook-content-regulation;
hezbollah;https://www.counterextremism.com/press/nick-clegg-sets-out-collaborative-vision-facebook-content-regulation;
hezbollah;https://www.counterextremism.com/press/nick-clegg-sets-out-collaborative-vision-facebook-content-regulation;
hezbollah;https://www.counterextremism.com/press/nick-clegg-sets-out-collaborative-vision-facebook-content-regulation;
hezbollah;https://www.counterextremism.com/press/counter-extremism-project-unveils-technology-combat-online-extremism;
hezbollah;https://www.counterextremism.com/press/counter-extremism-project-unveils-technology-combat-online-extremism;
hezbollah;https://www.counterextremism.com/press/counter-extremism-project-unveils-technology-combat-online-extremism;
hezbollah;https://www.counterextremism.com/press/counter-extremism-project-unveils-technology-combat-online-extremism;
hezbollah;https://www.counterextremism.com/press/counter-extremism-project-unveils-technology-combat-online-extremism;
hezbollah;https://www.counterextremism.com/press/counter-extremism-project-unveils-technology-combat-online-extremism;
hezbollah;https://www.counterextremism.com/press/extremism-spotlight-convicted-terrorist-abdullah-al-faisal-maintains-online-reach;
hezbollah;https://www.counterextremism.com/press/extremism-spotlight-convicted-terrorist-abdullah-al-faisal-maintains-online-reach;
hezbollah;https://www.counterextremism.com/press/extremism-spotlight-convicted-terrorist-abdullah-al-faisal-maintains-online-reach;
hezbollah;https://www.counterextremism.com/press/extremism-spotlight-convicted-terrorist-abdullah-al-faisal-maintains-online-reach;
hezbollah;https://www.counterextremism.com/press/extremism-spotlight-convicted-terrorist-abdullah-al-faisal-maintains-online-reach;
hezbollah;https://www.counterextremism.com/press/extremism-spotlight-convicted-terrorist-abdullah-al-faisal-maintains-online-reach;
hezbollah;https://www.counterextremism.com/french/france-extr%C3%A9misme-et-contre-extr%C3%A9misme;
hezbollah;https://www.counterextremism.com/press/cep-challenges-mark-zuckerberg-discuss-tech-issues-top-american-european-experts;
hezbollah;https://www.counterextremism.com/press/cep-challenges-mark-zuckerberg-discuss-tech-issues-top-american-european-experts;
hezbollah;https://www.counterextremism.com/press/cep-challenges-mark-zuckerberg-discuss-tech-issues-top-american-european-experts;
hezbollah;https://www.counterextremism.com/press/cep-challenges-mark-zuckerberg-discuss-tech-issues-top-american-european-experts;
hezbollah;https://www.counterextremism.com/press/cep-challenges-mark-zuckerberg-discuss-tech-issues-top-american-european-experts;
hezbollah;https://www.counterextremism.com/press/cep-challenges-mark-zuckerberg-discuss-tech-issues-top-american-european-experts;
hezbollah;https://www.counterextremism.com/press/cep-applauds-western-union-closing-operation-hizbollah-linked-commercial-center-gambia;
hezbollah;https://www.counterextremism.com/press/cep-applauds-western-union-closing-operation-hizbollah-linked-commercial-center-gambia;
hezbollah;https://www.counterextremism.com/press/cep-applauds-western-union-closing-operation-hizbollah-linked-commercial-center-gambia;
hezbollah;https://www.counterextremism.com/press/cep-applauds-western-union-closing-operation-hizbollah-linked-commercial-center-gambia;
hezbollah;https://www.counterextremism.com/press/cep-applauds-western-union-closing-operation-hizbollah-linked-commercial-center-gambia;
hezbollah;https://www.counterextremism.com/press/cep-applauds-western-union-closing-operation-hizbollah-linked-commercial-center-gambia;
hezbollah;https://www.counterextremism.com/press/cep-applauds-western-union-closing-operation-hizbollah-linked-commercial-center-gambia;
hezbollah;https://www.counterextremism.com/press/cep-applauds-ofac-designation-syrian-businessman-george-haswani-facilitation-isis-oil-trade;
hezbollah;https://www.counterextremism.com/press/cep-applauds-ofac-designation-syrian-businessman-george-haswani-facilitation-isis-oil-trade;
hezbollah;https://www.counterextremism.com/press/cep-applauds-ofac-designation-syrian-businessman-george-haswani-facilitation-isis-oil-trade;
hezbollah;https://www.counterextremism.com/press/cep-applauds-ofac-designation-syrian-businessman-george-haswani-facilitation-isis-oil-trade;
hezbollah;https://www.counterextremism.com/press/cep-applauds-ofac-designation-syrian-businessman-george-haswani-facilitation-isis-oil-trade;
hezbollah;https://www.counterextremism.com/press/cep-applauds-ofac-designation-syrian-businessman-george-haswani-facilitation-isis-oil-trade;
hezbollah;https://www.counterextremism.com/press/cep-applauds-gambian-government-expelling-hizballah-funder;
hezbollah;https://www.counterextremism.com/press/cep-applauds-gambian-government-expelling-hizballah-funder;
hezbollah;https://www.counterextremism.com/press/cep-applauds-gambian-government-expelling-hizballah-funder;
hezbollah;https://www.counterextremism.com/press/cep-applauds-gambian-government-expelling-hizballah-funder;
hezbollah;https://www.counterextremism.com/press/cep-applauds-gambian-government-expelling-hizballah-funder;
hezbollah;https://www.counterextremism.com/press/cep-applauds-gambian-government-expelling-hizballah-funder;
hezbollah;https://www.counterextremism.com/press/cep-applauds-gambian-government-expelling-hizballah-funder;
hezbollah;https://www.counterextremism.com/press/cep-applauds-gambian-government-expelling-hizballah-funder;
hezbollah;https://www.counterextremism.com/press/cep-applauds-gambian-government-expelling-hizballah-funder;
hezbollah;https://www.counterextremism.com/press/cep-commends-dhl-stopping-misuse-its-name-sanctioned-hizballah-front-entity;
hezbollah;https://www.counterextremism.com/press/cep-commends-dhl-stopping-misuse-its-name-sanctioned-hizballah-front-entity;
hezbollah;https://www.counterextremism.com/press/cep-commends-dhl-stopping-misuse-its-name-sanctioned-hizballah-front-entity;
hezbollah;https://www.counterextremism.com/press/cep-commends-dhl-stopping-misuse-its-name-sanctioned-hizballah-front-entity;
hezbollah;https://www.counterextremism.com/press/cep-commends-dhl-stopping-misuse-its-name-sanctioned-hizballah-front-entity;
hezbollah;https://www.counterextremism.com/press/cep-commends-dhl-stopping-misuse-its-name-sanctioned-hizballah-front-entity;
hezbollah;https://www.counterextremism.com/press/cep-commends-dhl-stopping-misuse-its-name-sanctioned-hizballah-front-entity;
hezbollah;https://www.counterextremism.com/sign-eye-extremism-updates;
hezbollah;https://www.counterextremism.com/sign-eye-extremism-updates;
hezbollah;https://www.counterextremism.com/sign-eye-extremism-updates;
hezbollah;https://www.counterextremism.com/sign-eye-extremism-updates;
hezbollah;https://www.counterextremism.com/sign-eye-extremism-updates;
hezbollah;https://www.counterextremism.com/press/cep-analysis-finds-youtube-users-4x-more-likely-find-extremist-content-counter-narrative;
hezbollah;https://www.counterextremism.com/press/cep-analysis-finds-youtube-users-4x-more-likely-find-extremist-content-counter-narrative;
hezbollah;https://www.counterextremism.com/press/cep-analysis-finds-youtube-users-4x-more-likely-find-extremist-content-counter-narrative;
hezbollah;https://www.counterextremism.com/press/cep-analysis-finds-youtube-users-4x-more-likely-find-extremist-content-counter-narrative;
hezbollah;https://www.counterextremism.com/press/cep-analysis-finds-youtube-users-4x-more-likely-find-extremist-content-counter-narrative;
hezbollah;https://www.counterextremism.com/press/cep-analysis-finds-youtube-users-4x-more-likely-find-extremist-content-counter-narrative;
hezbollah;https://www.counterextremism.com/press/icymi-cep-report-reveals-how-isis-supporters-are-organizing-facebook;
hezbollah;https://www.counterextremism.com/press/icymi-cep-report-reveals-how-isis-supporters-are-organizing-facebook;
hezbollah;https://www.counterextremism.com/press/icymi-cep-report-reveals-how-isis-supporters-are-organizing-facebook;
hezbollah;https://www.counterextremism.com/press/icymi-cep-report-reveals-how-isis-supporters-are-organizing-facebook;
hezbollah;https://www.counterextremism.com/press/icymi-cep-report-reveals-how-isis-supporters-are-organizing-facebook;
hezbollah;https://www.counterextremism.com/press/icymi-cep-report-reveals-how-isis-supporters-are-organizing-facebook;
hezbollah;https://www.counterextremism.com/blog/uk-review-raises-concerns-about-operations-muslim-brotherhood;
hezbollah;https://www.counterextremism.com/blog/uk-review-raises-concerns-about-operations-muslim-brotherhood;
hezbollah;https://www.counterextremism.com/blog/uk-review-raises-concerns-about-operations-muslim-brotherhood;
hezbollah;https://www.counterextremism.com/blog/uk-review-raises-concerns-about-operations-muslim-brotherhood;
hezbollah;https://www.counterextremism.com/blog/uk-review-raises-concerns-about-operations-muslim-brotherhood;
hezbollah;https://www.counterextremism.com/roundup/eye-extremism-march-1-2019;
hezbollah;https://www.counterextremism.com/roundup/eye-extremism-march-1-2019;
hezbollah;https://www.counterextremism.com/roundup/eye-extremism-march-1-2019;
hezbollah;https://www.counterextremism.com/roundup/eye-extremism-march-1-2019;
hezbollah;https://www.counterextremism.com/roundup/eye-extremism-march-1-2019;
hezbollah;https://www.counterextremism.com/blog/europe-must-follow-uk-banning-hezbollah-its-entirety;
hezbollah;https://www.counterextremism.com/blog/europe-must-follow-uk-banning-hezbollah-its-entirety;
hezbollah;https://www.counterextremism.com/blog/europe-must-follow-uk-banning-hezbollah-its-entirety;
hezbollah;https://www.counterextremism.com/blog/europe-must-follow-uk-banning-hezbollah-its-entirety;
hezbollah;https://www.counterextremism.com/blog/europe-must-follow-uk-banning-hezbollah-its-entirety;
hezbollah;https://www.counterextremism.com/blog/europe-must-follow-uk-banning-hezbollah-its-entirety;
hezbollah;https://www.counterextremism.com/blog/europe-must-follow-uk-banning-hezbollah-its-entirety;
hezbollah;https://www.counterextremism.com/blog/europe-must-follow-uk-banning-hezbollah-its-entirety;
hezbollah;https://www.counterextremism.com/blog/europe-must-follow-uk-banning-hezbollah-its-entirety;
hezbollah;https://www.counterextremism.com/blog/europe-must-follow-uk-banning-hezbollah-its-entirety;
hezbollah;https://www.counterextremism.com/blog/europe-must-follow-uk-banning-hezbollah-its-entirety;
hezbollah;https://www.counterextremism.com/blog/europe-must-follow-uk-banning-hezbollah-its-entirety;
hezbollah;https://www.counterextremism.com/blog/europe-must-follow-uk-banning-hezbollah-its-entirety;
hezbollah;https://www.counterextremism.com/blog/europe-must-follow-uk-banning-hezbollah-its-entirety;
hezbollah;https://www.counterextremism.com/blog/europe-must-follow-uk-banning-hezbollah-its-entirety;
hezbollah;https://www.counterextremism.com/blog/europe-must-follow-uk-banning-hezbollah-its-entirety;
hezbollah;https://www.counterextremism.com/blog/europe-must-follow-uk-banning-hezbollah-its-entirety;
hezbollah;https://www.counterextremism.com/blog/europe-must-follow-uk-banning-hezbollah-its-entirety;
hezbollah;https://www.counterextremism.com/blog/europe-must-follow-uk-banning-hezbollah-its-entirety;
hezbollah;https://www.counterextremism.com/blog/europe-must-follow-uk-banning-hezbollah-its-entirety;
hezbollah;https://www.counterextremism.com/blog/europe-must-follow-uk-banning-hezbollah-its-entirety;
hezbollah;https://www.counterextremism.com/blog/europe-must-follow-uk-banning-hezbollah-its-entirety;
hezbollah;https://www.counterextremism.com/blog/europe-must-follow-uk-banning-hezbollah-its-entirety;
hezbollah;https://www.counterextremism.com/blog/europe-must-follow-uk-banning-hezbollah-its-entirety;
hezbollah;https://www.counterextremism.com/blog/europe-must-follow-uk-banning-hezbollah-its-entirety;
hezbollah;https://www.counterextremism.com/blog/europe-must-follow-uk-banning-hezbollah-its-entirety;
hezbollah;https://www.counterextremism.com/people/michael-garcia;
hezbollah;https://www.counterextremism.com/people/michael-garcia;
hezbollah;https://www.counterextremism.com/people/michael-garcia;
hezbollah;https://www.counterextremism.com/people/michael-garcia;
hezbollah;https://www.counterextremism.com/people/michael-garcia;
hezbollah;https://www.counterextremism.com/people/debbi-gordon;
hezbollah;https://www.counterextremism.com/people/debbi-gordon;
hezbollah;https://www.counterextremism.com/people/debbi-gordon;
hezbollah;https://www.counterextremism.com/people/debbi-gordon;
hezbollah;https://www.counterextremism.com/people/debbi-gordon;
hezbollah;https://www.counterextremism.com/people/irwin-cotler;
hezbollah;https://www.counterextremism.com/people/irwin-cotler;
hezbollah;https://www.counterextremism.com/people/irwin-cotler;
hezbollah;https://www.counterextremism.com/people/irwin-cotler;
hezbollah;https://www.counterextremism.com/people/irwin-cotler;
hezbollah;https://www.counterextremism.com/blog/social-media-company-representatives-appear-uk-parliament-committee;
hezbollah;https://www.counterextremism.com/blog/social-media-company-representatives-appear-uk-parliament-committee;
hezbollah;https://www.counterextremism.com/blog/social-media-company-representatives-appear-uk-parliament-committee;
hezbollah;https://www.counterextremism.com/blog/social-media-company-representatives-appear-uk-parliament-committee;
hezbollah;https://www.counterextremism.com/blog/social-media-company-representatives-appear-uk-parliament-committee;
hezbollah;https://www.counterextremism.com/countries/myanmar;
hezbollah;https://www.counterextremism.com/countries/myanmar;
hezbollah;https://www.counterextremism.com/countries/myanmar;
hezbollah;https://www.counterextremism.com/countries/myanmar;
hezbollah;https://www.counterextremism.com/countries/myanmar;
hezbollah;https://www.counterextremism.com/content/aqim-statement-may-2018;
hezbollah;https://www.counterextremism.com/content/aqim-statement-may-2018;
hezbollah;https://www.counterextremism.com/content/aqim-statement-may-2018;
hezbollah;https://www.counterextremism.com/content/aqim-statement-may-2018;
hezbollah;https://www.counterextremism.com/content/aqim-statement-may-2018;
hezbollah;https://www.counterextremism.com/content/group-message-july-12-2016-1;
hezbollah;https://www.counterextremism.com/content/group-message-july-12-2016-1;
hezbollah;https://www.counterextremism.com/content/group-message-july-12-2016-1;
hezbollah;https://www.counterextremism.com/content/group-message-july-12-2016-1;
hezbollah;https://www.counterextremism.com/content/group-message-july-12-2016-1;
hezbollah;https://www.counterextremism.com/content/ayman-al-zawahiri-al-qaeda-emir-september-3-2014-2;
hezbollah;https://www.counterextremism.com/content/ayman-al-zawahiri-al-qaeda-emir-september-3-2014-2;
hezbollah;https://www.counterextremism.com/content/ayman-al-zawahiri-al-qaeda-emir-september-3-2014-2;
hezbollah;https://www.counterextremism.com/content/ayman-al-zawahiri-al-qaeda-emir-september-3-2014-2;
hezbollah;https://www.counterextremism.com/content/ayman-al-zawahiri-al-qaeda-emir-september-3-2014-2;
hezbollah;https://www.counterextremism.com/content/group-message-july-12-2016;
hezbollah;https://www.counterextremism.com/content/group-message-july-12-2016;
hezbollah;https://www.counterextremism.com/content/group-message-july-12-2016;
hezbollah;https://www.counterextremism.com/content/group-message-july-12-2016;
hezbollah;https://www.counterextremism.com/content/group-message-july-12-2016;
hezbollah;https://www.counterextremism.com/extremists/mullah-mawlawi-haibatullah-akhundzada;
hezbollah;https://www.counterextremism.com/extremists/mullah-mawlawi-haibatullah-akhundzada;
hezbollah;https://www.counterextremism.com/extremists/mullah-mawlawi-haibatullah-akhundzada;
hezbollah;https://www.counterextremism.com/extremists/mullah-mawlawi-haibatullah-akhundzada;
hezbollah;https://www.counterextremism.com/extremists/mullah-mawlawi-haibatullah-akhundzada;
hezbollah;https://www.counterextremism.com/content/group-message-july-12-2016-0;
hezbollah;https://www.counterextremism.com/content/group-message-july-12-2016-0;
hezbollah;https://www.counterextremism.com/content/group-message-july-12-2016-0;
hezbollah;https://www.counterextremism.com/content/group-message-july-12-2016-0;
hezbollah;https://www.counterextremism.com/content/group-message-july-12-2016-0;
hezbollah;https://www.counterextremism.com/extremists/mullah-mansour;
hezbollah;https://www.counterextremism.com/extremists/mullah-mansour;
hezbollah;https://www.counterextremism.com/extremists/mullah-mansour;
hezbollah;https://www.counterextremism.com/extremists/mullah-mansour;
hezbollah;https://www.counterextremism.com/extremists/mullah-mansour;
hezbollah;https://www.counterextremism.com/threat/al-qaeda-islamic-maghreb-aqim?page=8;
hezbollah;https://www.counterextremism.com/threat/al-qaeda-islamic-maghreb-aqim?page=8;
hezbollah;https://www.counterextremism.com/threat/al-qaeda-islamic-maghreb-aqim?page=8;
hezbollah;https://www.counterextremism.com/threat/al-qaeda-islamic-maghreb-aqim?page=8;
hezbollah;https://www.counterextremism.com/threat/al-qaeda-islamic-maghreb-aqim?page=8;
hezbollah;https://www.counterextremism.com/threat/al-qaeda-islamic-maghreb-aqim?page=8;
hezbollah;https://www.counterextremism.com/threat/al-qaeda-islamic-maghreb-aqim?page=8;
hezbollah;https://www.counterextremism.com/threat/al-qaeda-islamic-maghreb-aqim?page=6;
hezbollah;https://www.counterextremism.com/threat/al-qaeda-islamic-maghreb-aqim?page=6;
hezbollah;https://www.counterextremism.com/threat/al-qaeda-islamic-maghreb-aqim?page=6;
hezbollah;https://www.counterextremism.com/threat/al-qaeda-islamic-maghreb-aqim?page=6;
hezbollah;https://www.counterextremism.com/threat/al-qaeda-islamic-maghreb-aqim?page=6;
hezbollah;https://www.counterextremism.com/threat/al-qaeda-islamic-maghreb-aqim?page=6;
hezbollah;https://www.counterextremism.com/threat/al-qaeda-islamic-maghreb-aqim?page=6;
hezbollah;https://www.counterextremism.com/threat/al-qaeda-islamic-maghreb-aqim?page=7;
hezbollah;https://www.counterextremism.com/threat/al-qaeda-islamic-maghreb-aqim?page=7;
hezbollah;https://www.counterextremism.com/threat/al-qaeda-islamic-maghreb-aqim?page=7;
hezbollah;https://www.counterextremism.com/threat/al-qaeda-islamic-maghreb-aqim?page=7;
hezbollah;https://www.counterextremism.com/threat/al-qaeda-islamic-maghreb-aqim?page=7;
hezbollah;https://www.counterextremism.com/threat/al-qaeda-islamic-maghreb-aqim?page=7;
hezbollah;https://www.counterextremism.com/threat/al-qaeda-islamic-maghreb-aqim?page=7;
hezbollah;https://www.counterextremism.com/threat/al-qaeda-islamic-maghreb-aqim?page=5;
hezbollah;https://www.counterextremism.com/threat/al-qaeda-islamic-maghreb-aqim?page=5;
hezbollah;https://www.counterextremism.com/threat/al-qaeda-islamic-maghreb-aqim?page=5;
hezbollah;https://www.counterextremism.com/threat/al-qaeda-islamic-maghreb-aqim?page=5;
hezbollah;https://www.counterextremism.com/threat/al-qaeda-islamic-maghreb-aqim?page=5;
hezbollah;https://www.counterextremism.com/threat/al-qaeda-islamic-maghreb-aqim?page=5;
hezbollah;https://www.counterextremism.com/threat/al-qaeda-islamic-maghreb-aqim?page=5;
hezbollah;https://www.counterextremism.com/threat/al-shabab?page=4;
hezbollah;https://www.counterextremism.com/threat/al-shabab?page=4;
hezbollah;https://www.counterextremism.com/threat/al-shabab?page=4;
hezbollah;https://www.counterextremism.com/threat/al-shabab?page=4;
hezbollah;https://www.counterextremism.com/threat/al-shabab?page=4;
hezbollah;https://www.counterextremism.com/content/initial-coverage-aqap-driven-attacks-us-soil;
hezbollah;https://www.counterextremism.com/content/initial-coverage-aqap-driven-attacks-us-soil;
hezbollah;https://www.counterextremism.com/content/initial-coverage-aqap-driven-attacks-us-soil;
hezbollah;https://www.counterextremism.com/content/initial-coverage-aqap-driven-attacks-us-soil;
hezbollah;https://www.counterextremism.com/content/initial-coverage-aqap-driven-attacks-us-soil;
hezbollah;https://www.counterextremism.com/content/arab-media-report-aqap-connection-cargo-plane-bomb-plot;
hezbollah;https://www.counterextremism.com/content/arab-media-report-aqap-connection-cargo-plane-bomb-plot;
hezbollah;https://www.counterextremism.com/content/arab-media-report-aqap-connection-cargo-plane-bomb-plot;
hezbollah;https://www.counterextremism.com/content/arab-media-report-aqap-connection-cargo-plane-bomb-plot;
hezbollah;https://www.counterextremism.com/content/arab-media-report-aqap-connection-cargo-plane-bomb-plot;
hezbollah;https://www.counterextremism.com/content/arab-media-focus-target-specificity-al-awlaki-strike;
hezbollah;https://www.counterextremism.com/content/arab-media-focus-target-specificity-al-awlaki-strike;
hezbollah;https://www.counterextremism.com/content/arab-media-focus-target-specificity-al-awlaki-strike;
hezbollah;https://www.counterextremism.com/content/arab-media-focus-target-specificity-al-awlaki-strike;
hezbollah;https://www.counterextremism.com/content/arab-media-focus-target-specificity-al-awlaki-strike;
hezbollah;https://www.counterextremism.com/content/qatar%E2%80%99s-al-jazeera;
hezbollah;https://www.counterextremism.com/content/qatar%E2%80%99s-al-jazeera;
hezbollah;https://www.counterextremism.com/content/qatar%E2%80%99s-al-jazeera;
hezbollah;https://www.counterextremism.com/content/qatar%E2%80%99s-al-jazeera;
hezbollah;https://www.counterextremism.com/content/qatar%E2%80%99s-al-jazeera;
hezbollah;https://www.counterextremism.com/content/arab-media-examines-legacy-expresses-sympathy-said-al-shihri;
hezbollah;https://www.counterextremism.com/content/arab-media-examines-legacy-expresses-sympathy-said-al-shihri;
hezbollah;https://www.counterextremism.com/content/arab-media-examines-legacy-expresses-sympathy-said-al-shihri;
hezbollah;https://www.counterextremism.com/content/arab-media-examines-legacy-expresses-sympathy-said-al-shihri;
hezbollah;https://www.counterextremism.com/content/arab-media-examines-legacy-expresses-sympathy-said-al-shihri;
hezbollah;https://www.counterextremism.com/countries/united-kingdom;
hezbollah;https://www.counterextremism.com/countries/united-kingdom;
hezbollah;https://www.counterextremism.com/countries/united-kingdom;
hezbollah;https://www.counterextremism.com/countries/united-kingdom;
hezbollah;https://www.counterextremism.com/countries/united-kingdom;
hezbollah;https://www.counterextremism.com/countries/united-kingdom;
hezbollah;https://www.counterextremism.com/blog/isis%E2%80%99s-dangerous-weapons-arsenal-exposed;
hezbollah;https://www.counterextremism.com/blog/isis%E2%80%99s-dangerous-weapons-arsenal-exposed;
hezbollah;https://www.counterextremism.com/blog/isis%E2%80%99s-dangerous-weapons-arsenal-exposed;
hezbollah;https://www.counterextremism.com/blog/isis%E2%80%99s-dangerous-weapons-arsenal-exposed;
hezbollah;https://www.counterextremism.com/blog/isis%E2%80%99s-dangerous-weapons-arsenal-exposed;
hezbollah;https://www.counterextremism.com/blog/all-family;
hezbollah;https://www.counterextremism.com/blog/all-family;
hezbollah;https://www.counterextremism.com/blog/all-family;
hezbollah;https://www.counterextremism.com/blog/all-family;
hezbollah;https://www.counterextremism.com/blog/all-family;
hezbollah;https://www.counterextremism.com/blog/give-unifil-some-teeth;
hezbollah;https://www.counterextremism.com/blog/give-unifil-some-teeth;
hezbollah;https://www.counterextremism.com/blog/give-unifil-some-teeth;
hezbollah;https://www.counterextremism.com/blog/give-unifil-some-teeth;
hezbollah;https://www.counterextremism.com/blog/give-unifil-some-teeth;
hezbollah;https://www.counterextremism.com/blog/give-unifil-some-teeth;
hezbollah;https://www.counterextremism.com/blog/give-unifil-some-teeth;
hezbollah;https://www.counterextremism.com/blog/give-unifil-some-teeth;
hezbollah;https://www.counterextremism.com/blog/give-unifil-some-teeth;
hezbollah;https://www.counterextremism.com/blog/give-unifil-some-teeth;
hezbollah;https://www.counterextremism.com/blog/give-unifil-some-teeth;
hezbollah;https://www.counterextremism.com/blog/give-unifil-some-teeth;
hezbollah;https://www.counterextremism.com/blog/iranian-influence-south-america;
hezbollah;https://www.counterextremism.com/blog/iranian-influence-south-america;
hezbollah;https://www.counterextremism.com/blog/iranian-influence-south-america;
hezbollah;https://www.counterextremism.com/blog/iranian-influence-south-america;
hezbollah;https://www.counterextremism.com/blog/iranian-influence-south-america;
hezbollah;https://www.counterextremism.com/blog/iranian-influence-south-america;
hezbollah;https://www.counterextremism.com/blog/iranian-influence-south-america;
hezbollah;https://www.counterextremism.com/blog/iranian-influence-south-america;
hezbollah;https://www.counterextremism.com/blog/iranian-influence-south-america;
hezbollah;https://www.counterextremism.com/blog/iranian-influence-south-america;
hezbollah;https://www.counterextremism.com/blog/iranian-influence-south-america;
hezbollah;https://www.counterextremism.com/blog/iranian-influence-south-america;
hezbollah;https://www.counterextremism.com/blog/iranian-influence-south-america;
hezbollah;https://www.counterextremism.com/threat/al-qaeda-arabian-peninsula-aqap?page=12;
hezbollah;https://www.counterextremism.com/threat/al-qaeda-arabian-peninsula-aqap?page=12;
hezbollah;https://www.counterextremism.com/threat/al-qaeda-arabian-peninsula-aqap?page=12;
hezbollah;https://www.counterextremism.com/threat/al-qaeda-arabian-peninsula-aqap?page=12;
hezbollah;https://www.counterextremism.com/threat/al-qaeda-arabian-peninsula-aqap?page=12;
hezbollah;https://www.counterextremism.com/blog/digital-developments-changed-terror-game;
hezbollah;https://www.counterextremism.com/blog/digital-developments-changed-terror-game;
hezbollah;https://www.counterextremism.com/blog/digital-developments-changed-terror-game;
hezbollah;https://www.counterextremism.com/blog/digital-developments-changed-terror-game;
hezbollah;https://www.counterextremism.com/blog/digital-developments-changed-terror-game;
hezbollah;https://www.counterextremism.com/blog/will-miski%E2%80%99s-repeated-resurrections-wake-twitter;
hezbollah;https://www.counterextremism.com/blog/will-miski%E2%80%99s-repeated-resurrections-wake-twitter;
hezbollah;https://www.counterextremism.com/blog/will-miski%E2%80%99s-repeated-resurrections-wake-twitter;
hezbollah;https://www.counterextremism.com/blog/will-miski%E2%80%99s-repeated-resurrections-wake-twitter;
hezbollah;https://www.counterextremism.com/blog/will-miski%E2%80%99s-repeated-resurrections-wake-twitter;
hezbollah;https://www.counterextremism.com/blog/conservatives-may-try-silence-anjem-choudary;
hezbollah;https://www.counterextremism.com/blog/conservatives-may-try-silence-anjem-choudary;
hezbollah;https://www.counterextremism.com/blog/conservatives-may-try-silence-anjem-choudary;
hezbollah;https://www.counterextremism.com/blog/conservatives-may-try-silence-anjem-choudary;
hezbollah;https://www.counterextremism.com/blog/conservatives-may-try-silence-anjem-choudary;
hezbollah;https://www.counterextremism.com/blog/countering-hezbollah-iran%E2%80%99s-expansion;
hezbollah;https://www.counterextremism.com/blog/countering-hezbollah-iran%E2%80%99s-expansion;
hezbollah;https://www.counterextremism.com/blog/countering-hezbollah-iran%E2%80%99s-expansion;
hezbollah;https://www.counterextremism.com/blog/countering-hezbollah-iran%E2%80%99s-expansion;
hezbollah;https://www.counterextremism.com/blog/countering-hezbollah-iran%E2%80%99s-expansion;
hezbollah;https://www.counterextremism.com/blog/countering-hezbollah-iran%E2%80%99s-expansion;
hezbollah;https://www.counterextremism.com/blog/countering-hezbollah-iran%E2%80%99s-expansion;
hezbollah;https://www.counterextremism.com/blog/countering-hezbollah-iran%E2%80%99s-expansion;
hezbollah;https://www.counterextremism.com/blog/countering-hezbollah-iran%E2%80%99s-expansion;
hezbollah;https://www.counterextremism.com/blog/countering-hezbollah-iran%E2%80%99s-expansion;
hezbollah;https://www.counterextremism.com/blog/countering-hezbollah-iran%E2%80%99s-expansion;
hezbollah;https://www.counterextremism.com/blog/countering-hezbollah-iran%E2%80%99s-expansion;
hezbollah;https://www.counterextremism.com/blog/countering-hezbollah-iran%E2%80%99s-expansion;
hezbollah;https://www.counterextremism.com/blog/countering-hezbollah-iran%E2%80%99s-expansion;
hezbollah;https://www.counterextremism.com/blog/countering-hezbollah-iran%E2%80%99s-expansion;
hezbollah;https://www.counterextremism.com/blog/countering-hezbollah-iran%E2%80%99s-expansion;
hezbollah;https://www.counterextremism.com/blog/countering-hezbollah-iran%E2%80%99s-expansion;
hezbollah;https://www.counterextremism.com/blog/countering-hezbollah-iran%E2%80%99s-expansion;
hezbollah;https://www.counterextremism.com/blog/countering-hezbollah-iran%E2%80%99s-expansion;
hezbollah;https://www.counterextremism.com/blog/countering-hezbollah-iran%E2%80%99s-expansion;
hezbollah;https://www.counterextremism.com/blog/countering-hezbollah-iran%E2%80%99s-expansion;
hezbollah;https://www.counterextremism.com/blog/countering-hezbollah-iran%E2%80%99s-expansion;
hezbollah;https://www.counterextremism.com/blog/countering-hezbollah-iran%E2%80%99s-expansion;
hezbollah;https://www.counterextremism.com/blog/countering-hezbollah-iran%E2%80%99s-expansion;
hezbollah;https://www.counterextremism.com/blog/countering-hezbollah-iran%E2%80%99s-expansion;
hezbollah;https://www.counterextremism.com/blog/countering-hezbollah-iran%E2%80%99s-expansion;
hezbollah;https://www.counterextremism.com/blog/countering-hezbollah-iran%E2%80%99s-expansion;
hezbollah;https://www.counterextremism.com/blog/terror-tumblr;
hezbollah;https://www.counterextremism.com/blog/terror-tumblr;
hezbollah;https://www.counterextremism.com/blog/terror-tumblr;
hezbollah;https://www.counterextremism.com/blog/terror-tumblr;
hezbollah;https://www.counterextremism.com/blog/terror-tumblr;
hezbollah;https://www.counterextremism.com/blog/three-cheers-prime-minister-cameron%E2%80%99s-speech;
hezbollah;https://www.counterextremism.com/blog/three-cheers-prime-minister-cameron%E2%80%99s-speech;
hezbollah;https://www.counterextremism.com/blog/three-cheers-prime-minister-cameron%E2%80%99s-speech;
hezbollah;https://www.counterextremism.com/blog/three-cheers-prime-minister-cameron%E2%80%99s-speech;
hezbollah;https://www.counterextremism.com/blog/three-cheers-prime-minister-cameron%E2%80%99s-speech;
hezbollah;https://www.counterextremism.com/press/99-removed-despite-zuckerberg-claims-cep-finds-proliferation-extremist-content-facebook;
hezbollah;https://www.counterextremism.com/press/99-removed-despite-zuckerberg-claims-cep-finds-proliferation-extremist-content-facebook;
hezbollah;https://www.counterextremism.com/press/99-removed-despite-zuckerberg-claims-cep-finds-proliferation-extremist-content-facebook;
hezbollah;https://www.counterextremism.com/press/99-removed-despite-zuckerberg-claims-cep-finds-proliferation-extremist-content-facebook;
hezbollah;https://www.counterextremism.com/press/99-removed-despite-zuckerberg-claims-cep-finds-proliferation-extremist-content-facebook;
hezbollah;https://www.counterextremism.com/press/99-removed-despite-zuckerberg-claims-cep-finds-proliferation-extremist-content-facebook;
hezbollah;https://www.counterextremism.com/press/99-removed-despite-zuckerberg-claims-cep-finds-proliferation-extremist-content-facebook;
hezbollah;https://www.counterextremism.com/press/99-removed-despite-zuckerberg-claims-cep-finds-proliferation-extremist-content-facebook;
hezbollah;https://www.counterextremism.com/press/99-removed-despite-zuckerberg-claims-cep-finds-proliferation-extremist-content-facebook;
hezbollah;https://www.counterextremism.com/press/99-removed-despite-zuckerberg-claims-cep-finds-proliferation-extremist-content-facebook;
hezbollah;https://www.counterextremism.com/press/99-removed-despite-zuckerberg-claims-cep-finds-proliferation-extremist-content-facebook;
hezbollah;https://www.counterextremism.com/press/99-removed-despite-zuckerberg-claims-cep-finds-proliferation-extremist-content-facebook;
hezbollah;https://www.counterextremism.com/press/99-removed-despite-zuckerberg-claims-cep-finds-proliferation-extremist-content-facebook;
hezbollah;https://www.counterextremism.com/press/99-removed-despite-zuckerberg-claims-cep-finds-proliferation-extremist-content-facebook;
hezbollah;https://www.counterextremism.com/rhetoric-category/pro-jihad;
hezbollah;https://www.counterextremism.com/rhetoric-category/pro-jihad;
hezbollah;https://www.counterextremism.com/rhetoric-category/pro-jihad;
hezbollah;https://www.counterextremism.com/rhetoric-category/pro-jihad;
hezbollah;https://www.counterextremism.com/rhetoric-category/pro-jihad;
hezbollah;https://www.counterextremism.com/blog/time-europe-designate-all-hezbollah;
hezbollah;https://www.counterextremism.com/blog/time-europe-designate-all-hezbollah;
hezbollah;https://www.counterextremism.com/blog/time-europe-designate-all-hezbollah;
hezbollah;https://www.counterextremism.com/blog/time-europe-designate-all-hezbollah;
hezbollah;https://www.counterextremism.com/blog/time-europe-designate-all-hezbollah;
hezbollah;https://www.counterextremism.com/blog/time-europe-designate-all-hezbollah;
hezbollah;https://www.counterextremism.com/blog/time-europe-designate-all-hezbollah;
hezbollah;https://www.counterextremism.com/blog/time-europe-designate-all-hezbollah;
hezbollah;https://www.counterextremism.com/blog/time-europe-designate-all-hezbollah;
hezbollah;https://www.counterextremism.com/blog/time-europe-designate-all-hezbollah;
hezbollah;https://www.counterextremism.com/blog/time-europe-designate-all-hezbollah;
hezbollah;https://www.counterextremism.com/blog/time-europe-designate-all-hezbollah;
hezbollah;https://www.counterextremism.com/blog/time-europe-designate-all-hezbollah;
hezbollah;https://www.counterextremism.com/blog/time-europe-designate-all-hezbollah;
hezbollah;https://www.counterextremism.com/blog/time-europe-designate-all-hezbollah;
hezbollah;https://www.counterextremism.com/blog/time-europe-designate-all-hezbollah;
hezbollah;https://www.counterextremism.com/blog/time-europe-designate-all-hezbollah;
hezbollah;https://www.counterextremism.com/blog/time-europe-designate-all-hezbollah;
hezbollah;https://www.counterextremism.com/blog/time-europe-designate-all-hezbollah;
hezbollah;https://www.counterextremism.com/blog/time-europe-designate-all-hezbollah;
hezbollah;https://www.counterextremism.com/blog/time-europe-designate-all-hezbollah;
hezbollah;https://www.counterextremism.com/blog/time-europe-designate-all-hezbollah;
hezbollah;https://www.counterextremism.com/blog/brown-bears-fall-honeypot-left-wing-activists-trick-neo-nazis-coming-out;
hezbollah;https://www.counterextremism.com/blog/brown-bears-fall-honeypot-left-wing-activists-trick-neo-nazis-coming-out;
hezbollah;https://www.counterextremism.com/blog/brown-bears-fall-honeypot-left-wing-activists-trick-neo-nazis-coming-out;
hezbollah;https://www.counterextremism.com/blog/brown-bears-fall-honeypot-left-wing-activists-trick-neo-nazis-coming-out;
hezbollah;https://www.counterextremism.com/blog/brown-bears-fall-honeypot-left-wing-activists-trick-neo-nazis-coming-out;
hezbollah;https://www.counterextremism.com/blog/brown-bears-fall-honeypot-left-wing-activists-trick-neo-nazis-coming-out;
hezbollah;https://www.counterextremism.com/rhetoric-category/pro-violence;
hezbollah;https://www.counterextremism.com/rhetoric-category/pro-violence;
hezbollah;https://www.counterextremism.com/rhetoric-category/pro-violence;
hezbollah;https://www.counterextremism.com/rhetoric-category/pro-violence;
hezbollah;https://www.counterextremism.com/rhetoric-category/pro-violence;
hezbollah;https://www.counterextremism.com/rhetoric-category/pro-violence;
hezbollah;https://www.counterextremism.com/rhetoric-category/pro-violence;
hezbollah;https://www.counterextremism.com/rhetoric-category/pro-islamism;
hezbollah;https://www.counterextremism.com/rhetoric-category/pro-islamism;
hezbollah;https://www.counterextremism.com/rhetoric-category/pro-islamism;
hezbollah;https://www.counterextremism.com/rhetoric-category/pro-islamism;
hezbollah;https://www.counterextremism.com/rhetoric-category/pro-islamism;
hezbollah;https://www.counterextremism.com/blog/assad%E2%80%99s-%E2%80%9Cmilitary-solution%E2%80%9D-aleppo;
hezbollah;https://www.counterextremism.com/blog/assad%E2%80%99s-%E2%80%9Cmilitary-solution%E2%80%9D-aleppo;
hezbollah;https://www.counterextremism.com/blog/assad%E2%80%99s-%E2%80%9Cmilitary-solution%E2%80%9D-aleppo;
hezbollah;https://www.counterextremism.com/blog/assad%E2%80%99s-%E2%80%9Cmilitary-solution%E2%80%9D-aleppo;
hezbollah;https://www.counterextremism.com/blog/assad%E2%80%99s-%E2%80%9Cmilitary-solution%E2%80%9D-aleppo;
hezbollah;https://www.counterextremism.com/blog/assad%E2%80%99s-%E2%80%9Cmilitary-solution%E2%80%9D-aleppo;
hezbollah;https://www.counterextremism.com/blog/assad%E2%80%99s-%E2%80%9Cmilitary-solution%E2%80%9D-aleppo;
hezbollah;https://www.counterextremism.com/blog/assad%E2%80%99s-%E2%80%9Cmilitary-solution%E2%80%9D-aleppo;
hezbollah;https://www.counterextremism.com/extremists/khairullah-khairkhwa;
hezbollah;https://www.counterextremism.com/extremists/khairullah-khairkhwa;
hezbollah;https://www.counterextremism.com/extremists/khairullah-khairkhwa;
hezbollah;https://www.counterextremism.com/extremists/khairullah-khairkhwa;
hezbollah;https://www.counterextremism.com/extremists/khairullah-khairkhwa;
hezbollah;https://www.counterextremism.com/extremists/abu-bakr-al-baghdadi;
hezbollah;https://www.counterextremism.com/extremists/abu-bakr-al-baghdadi;
hezbollah;https://www.counterextremism.com/extremists/abu-bakr-al-baghdadi;
hezbollah;https://www.counterextremism.com/extremists/abu-bakr-al-baghdadi;
hezbollah;https://www.counterextremism.com/extremists/abu-bakr-al-baghdadi;
hezbollah;https://www.counterextremism.com/content/abdelmalek-droukdel-july-1-2008-9;
hezbollah;https://www.counterextremism.com/content/abdelmalek-droukdel-july-1-2008-9;
hezbollah;https://www.counterextremism.com/content/abdelmalek-droukdel-july-1-2008-9;
hezbollah;https://www.counterextremism.com/content/abdelmalek-droukdel-july-1-2008-9;
hezbollah;https://www.counterextremism.com/content/abdelmalek-droukdel-july-1-2008-9;
hezbollah;https://www.counterextremism.com/countries/lebanon;
hezbollah;https://www.counterextremism.com/countries/lebanon;
hezbollah;https://www.counterextremism.com/countries/lebanon;
hezbollah;https://www.counterextremism.com/countries/lebanon;
hezbollah;https://www.counterextremism.com/countries/lebanon;
hezbollah;https://www.counterextremism.com/countries/lebanon;
hezbollah;https://www.counterextremism.com/countries/lebanon;
hezbollah;https://www.counterextremism.com/countries/lebanon;
hezbollah;https://www.counterextremism.com/countries/lebanon;
hezbollah;https://www.counterextremism.com/countries/lebanon;
hezbollah;https://www.counterextremism.com/countries/lebanon;
hezbollah;https://www.counterextremism.com/countries/lebanon;
hezbollah;https://www.counterextremism.com/countries/lebanon;
hezbollah;https://www.counterextremism.com/countries/lebanon;
hezbollah;https://www.counterextremism.com/countries/lebanon;
hezbollah;https://www.counterextremism.com/countries/lebanon;
hezbollah;https://www.counterextremism.com/countries/lebanon;
hezbollah;https://www.counterextremism.com/countries/lebanon;
hezbollah;https://www.counterextremism.com/countries/lebanon;
hezbollah;https://www.counterextremism.com/countries/lebanon;
hezbollah;https://www.counterextremism.com/countries/lebanon;
hezbollah;https://www.counterextremism.com/countries/lebanon;
hezbollah;https://www.counterextremism.com/countries/lebanon;
hezbollah;https://www.counterextremism.com/countries/lebanon;
hezbollah;https://www.counterextremism.com/countries/lebanon;
hezbollah;https://www.counterextremism.com/countries/lebanon;
hezbollah;https://www.counterextremism.com/countries/lebanon;
hezbollah;https://www.counterextremism.com/countries/lebanon;
hezbollah;https://www.counterextremism.com/countries/lebanon;
hezbollah;https://www.counterextremism.com/countries/lebanon;
hezbollah;https://www.counterextremism.com/countries/lebanon;
hezbollah;https://www.counterextremism.com/countries/lebanon;
hezbollah;https://www.counterextremism.com/countries/lebanon;
hezbollah;https://www.counterextremism.com/countries/lebanon;
hezbollah;https://www.counterextremism.com/countries/lebanon;
hezbollah;https://www.counterextremism.com/countries/lebanon;
hezbollah;https://www.counterextremism.com/countries/lebanon;
hezbollah;https://www.counterextremism.com/countries/lebanon;
hezbollah;https://www.counterextremism.com/countries/lebanon;
hezbollah;https://www.counterextremism.com/countries/lebanon;
hezbollah;https://www.counterextremism.com/countries/lebanon;
hezbollah;https://www.counterextremism.com/countries/lebanon;
hezbollah;https://www.counterextremism.com/countries/lebanon;
hezbollah;https://www.counterextremism.com/countries/lebanon;
hezbollah;https://www.counterextremism.com/countries/lebanon;
hezbollah;https://www.counterextremism.com/countries/lebanon;
hezbollah;https://www.counterextremism.com/countries/lebanon;
hezbollah;https://www.counterextremism.com/countries/lebanon;
hezbollah;https://www.counterextremism.com/countries/lebanon;
hezbollah;https://www.counterextremism.com/countries/lebanon;
hezbollah;https://www.counterextremism.com/countries/lebanon;
hezbollah;https://www.counterextremism.com/countries/lebanon;
hezbollah;https://www.counterextremism.com/blog/eu-internet-forum-seeks-prevent-terrorist-domination-social-media-platforms;
hezbollah;https://www.counterextremism.com/blog/eu-internet-forum-seeks-prevent-terrorist-domination-social-media-platforms;
hezbollah;https://www.counterextremism.com/blog/eu-internet-forum-seeks-prevent-terrorist-domination-social-media-platforms;
hezbollah;https://www.counterextremism.com/blog/eu-internet-forum-seeks-prevent-terrorist-domination-social-media-platforms;
hezbollah;https://www.counterextremism.com/blog/eu-internet-forum-seeks-prevent-terrorist-domination-social-media-platforms;
hezbollah;https://www.counterextremism.com/press/dr-hany-farid-featured-morning-joe;
hezbollah;https://www.counterextremism.com/press/dr-hany-farid-featured-morning-joe;
hezbollah;https://www.counterextremism.com/press/dr-hany-farid-featured-morning-joe;
hezbollah;https://www.counterextremism.com/press/dr-hany-farid-featured-morning-joe;
hezbollah;https://www.counterextremism.com/press/dr-hany-farid-featured-morning-joe;
hezbollah;https://www.counterextremism.com/press/dr-hany-farid-featured-morning-joe;
hezbollah;https://www.counterextremism.com/extremists/sirajuddin-haqqani;
hezbollah;https://www.counterextremism.com/extremists/sirajuddin-haqqani;
hezbollah;https://www.counterextremism.com/extremists/sirajuddin-haqqani;
hezbollah;https://www.counterextremism.com/extremists/sirajuddin-haqqani;
hezbollah;https://www.counterextremism.com/extremists/sirajuddin-haqqani;
hezbollah;https://www.counterextremism.com/blog/new-year%E2%80%99s-eve-attacks-cologne-threaten-eu-support-refugees;
hezbollah;https://www.counterextremism.com/blog/new-year%E2%80%99s-eve-attacks-cologne-threaten-eu-support-refugees;
hezbollah;https://www.counterextremism.com/blog/new-year%E2%80%99s-eve-attacks-cologne-threaten-eu-support-refugees;
hezbollah;https://www.counterextremism.com/blog/new-year%E2%80%99s-eve-attacks-cologne-threaten-eu-support-refugees;
hezbollah;https://www.counterextremism.com/blog/new-year%E2%80%99s-eve-attacks-cologne-threaten-eu-support-refugees;
hezbollah;https://www.counterextremism.com/content/abdelmalek-droukdel-new-york-times-interview-july-2008;
hezbollah;https://www.counterextremism.com/content/abdelmalek-droukdel-new-york-times-interview-july-2008;
hezbollah;https://www.counterextremism.com/content/abdelmalek-droukdel-new-york-times-interview-july-2008;
hezbollah;https://www.counterextremism.com/content/abdelmalek-droukdel-new-york-times-interview-july-2008;
hezbollah;https://www.counterextremism.com/content/abdelmalek-droukdel-new-york-times-interview-july-2008;
hezbollah;https://www.counterextremism.com/content/abdelmalek-droukdel-video-speech-february-2013-0;
hezbollah;https://www.counterextremism.com/content/abdelmalek-droukdel-video-speech-february-2013-0;
hezbollah;https://www.counterextremism.com/content/abdelmalek-droukdel-video-speech-february-2013-0;
hezbollah;https://www.counterextremism.com/content/abdelmalek-droukdel-video-speech-february-2013-0;
hezbollah;https://www.counterextremism.com/content/abdelmalek-droukdel-video-speech-february-2013-0;
hezbollah;https://www.counterextremism.com/content/abu-abdul-ilah-ahmed-head-aqim-media-undated;
hezbollah;https://www.counterextremism.com/content/abu-abdul-ilah-ahmed-head-aqim-media-undated;
hezbollah;https://www.counterextremism.com/content/abu-abdul-ilah-ahmed-head-aqim-media-undated;
hezbollah;https://www.counterextremism.com/content/abu-abdul-ilah-ahmed-head-aqim-media-undated;
hezbollah;https://www.counterextremism.com/content/abu-abdul-ilah-ahmed-head-aqim-media-undated;
hezbollah;https://www.counterextremism.com/content/abdelmalouk-droukdal-aqim-leader-january-2007;
hezbollah;https://www.counterextremism.com/content/abdelmalouk-droukdal-aqim-leader-january-2007;
hezbollah;https://www.counterextremism.com/content/abdelmalouk-droukdal-aqim-leader-january-2007;
hezbollah;https://www.counterextremism.com/content/abdelmalouk-droukdal-aqim-leader-january-2007;
hezbollah;https://www.counterextremism.com/content/abdelmalouk-droukdal-aqim-leader-january-2007;
hezbollah;https://www.counterextremism.com/content/aqim-statement-september-9-2007;
hezbollah;https://www.counterextremism.com/content/aqim-statement-september-9-2007;
hezbollah;https://www.counterextremism.com/content/aqim-statement-september-9-2007;
hezbollah;https://www.counterextremism.com/content/aqim-statement-september-9-2007;
hezbollah;https://www.counterextremism.com/content/aqim-statement-september-9-2007;
hezbollah;https://www.counterextremism.com/content/abdelmalek-droukdel-new-york-times-interview-july-2008-0;
hezbollah;https://www.counterextremism.com/content/abdelmalek-droukdel-new-york-times-interview-july-2008-0;
hezbollah;https://www.counterextremism.com/content/abdelmalek-droukdel-new-york-times-interview-july-2008-0;
hezbollah;https://www.counterextremism.com/content/abdelmalek-droukdel-new-york-times-interview-july-2008-0;
hezbollah;https://www.counterextremism.com/content/abdelmalek-droukdel-new-york-times-interview-july-2008-0;
hezbollah;https://www.counterextremism.com/content/abdelmalek-droukdel-july-1-2008-10;
hezbollah;https://www.counterextremism.com/content/abdelmalek-droukdel-july-1-2008-10;
hezbollah;https://www.counterextremism.com/content/abdelmalek-droukdel-july-1-2008-10;
hezbollah;https://www.counterextremism.com/content/abdelmalek-droukdel-july-1-2008-10;
hezbollah;https://www.counterextremism.com/content/abdelmalek-droukdel-july-1-2008-10;
hezbollah;https://www.counterextremism.com/content/abdelmalek-droukdel-july-1-2008-11;
hezbollah;https://www.counterextremism.com/content/abdelmalek-droukdel-july-1-2008-11;
hezbollah;https://www.counterextremism.com/content/abdelmalek-droukdel-july-1-2008-11;
hezbollah;https://www.counterextremism.com/content/abdelmalek-droukdel-july-1-2008-11;
hezbollah;https://www.counterextremism.com/content/abdelmalek-droukdel-july-1-2008-11;
hezbollah;https://www.counterextremism.com/content/mukhtar-robow-addressing-rally-baidoa-after-al-shabab-seized-city-january-2009;
hezbollah;https://www.counterextremism.com/content/mukhtar-robow-addressing-rally-baidoa-after-al-shabab-seized-city-january-2009;
hezbollah;https://www.counterextremism.com/content/mukhtar-robow-addressing-rally-baidoa-after-al-shabab-seized-city-january-2009;
hezbollah;https://www.counterextremism.com/content/mukhtar-robow-addressing-rally-baidoa-after-al-shabab-seized-city-january-2009;
hezbollah;https://www.counterextremism.com/content/mukhtar-robow-addressing-rally-baidoa-after-al-shabab-seized-city-january-2009;
hezbollah;https://www.counterextremism.com/content/mukhtar-robow-reuters-interview-december-2007;
hezbollah;https://www.counterextremism.com/content/mukhtar-robow-reuters-interview-december-2007;
hezbollah;https://www.counterextremism.com/content/mukhtar-robow-reuters-interview-december-2007;
hezbollah;https://www.counterextremism.com/content/mukhtar-robow-reuters-interview-december-2007;
hezbollah;https://www.counterextremism.com/content/mukhtar-robow-reuters-interview-december-2007;
hezbollah;https://www.counterextremism.com/content/garland-attack-twitter;
hezbollah;https://www.counterextremism.com/content/garland-attack-twitter;
hezbollah;https://www.counterextremism.com/content/garland-attack-twitter;
hezbollah;https://www.counterextremism.com/content/garland-attack-twitter;
hezbollah;https://www.counterextremism.com/content/garland-attack-twitter;
hezbollah;https://www.counterextremism.com/blog/time-hizb-ut-tahrir-check-out-illinois;
hezbollah;https://www.counterextremism.com/blog/time-hizb-ut-tahrir-check-out-illinois;
hezbollah;https://www.counterextremism.com/blog/time-hizb-ut-tahrir-check-out-illinois;
hezbollah;https://www.counterextremism.com/blog/time-hizb-ut-tahrir-check-out-illinois;
hezbollah;https://www.counterextremism.com/blog/time-hizb-ut-tahrir-check-out-illinois;
hezbollah;https://www.counterextremism.com/blog/grooming-next-generation-isis-terror;
hezbollah;https://www.counterextremism.com/blog/grooming-next-generation-isis-terror;
hezbollah;https://www.counterextremism.com/blog/grooming-next-generation-isis-terror;
hezbollah;https://www.counterextremism.com/blog/grooming-next-generation-isis-terror;
hezbollah;https://www.counterextremism.com/blog/grooming-next-generation-isis-terror;
hezbollah;https://www.counterextremism.com/content/mukhtar-robow-bbc-interview-regarding-al-shabab%E2%80%99s-listing-foreign-terrorist-organization;
hezbollah;https://www.counterextremism.com/content/mukhtar-robow-bbc-interview-regarding-al-shabab%E2%80%99s-listing-foreign-terrorist-organization;
hezbollah;https://www.counterextremism.com/content/mukhtar-robow-bbc-interview-regarding-al-shabab%E2%80%99s-listing-foreign-terrorist-organization;
hezbollah;https://www.counterextremism.com/content/mukhtar-robow-bbc-interview-regarding-al-shabab%E2%80%99s-listing-foreign-terrorist-organization;
hezbollah;https://www.counterextremism.com/content/mukhtar-robow-bbc-interview-regarding-al-shabab%E2%80%99s-listing-foreign-terrorist-organization;
hezbollah;https://www.counterextremism.com/blog/can-nigerias-new-president-defeat-boko-haram;
hezbollah;https://www.counterextremism.com/blog/can-nigerias-new-president-defeat-boko-haram;
hezbollah;https://www.counterextremism.com/blog/can-nigerias-new-president-defeat-boko-haram;
hezbollah;https://www.counterextremism.com/blog/can-nigerias-new-president-defeat-boko-haram;
hezbollah;https://www.counterextremism.com/blog/can-nigerias-new-president-defeat-boko-haram;
hezbollah;https://www.counterextremism.com/blog/honor-taylor-force-end-pay-slay;
hezbollah;https://www.counterextremism.com/blog/honor-taylor-force-end-pay-slay;
hezbollah;https://www.counterextremism.com/blog/honor-taylor-force-end-pay-slay;
hezbollah;https://www.counterextremism.com/blog/honor-taylor-force-end-pay-slay;
hezbollah;https://www.counterextremism.com/blog/honor-taylor-force-end-pay-slay;
hezbollah;https://www.counterextremism.com/extremists/abdul-wahid;
hezbollah;https://www.counterextremism.com/extremists/abdul-wahid;
hezbollah;https://www.counterextremism.com/extremists/abdul-wahid;
hezbollah;https://www.counterextremism.com/extremists/abdul-wahid;
hezbollah;https://www.counterextremism.com/extremists/abdul-wahid;
hezbollah;https://www.counterextremism.com/blog/dress-impress-caliph;
hezbollah;https://www.counterextremism.com/blog/dress-impress-caliph;
hezbollah;https://www.counterextremism.com/blog/dress-impress-caliph;
hezbollah;https://www.counterextremism.com/blog/dress-impress-caliph;
hezbollah;https://www.counterextremism.com/blog/dress-impress-caliph;
hezbollah;https://www.counterextremism.com/blog/extremists-compete-control-libya;
hezbollah;https://www.counterextremism.com/blog/extremists-compete-control-libya;
hezbollah;https://www.counterextremism.com/blog/extremists-compete-control-libya;
hezbollah;https://www.counterextremism.com/blog/extremists-compete-control-libya;
hezbollah;https://www.counterextremism.com/blog/extremists-compete-control-libya;
hezbollah;https://www.counterextremism.com/blog/extremists-compete-control-libya;
hezbollah;https://www.counterextremism.com/blog/no-turkish-delight-us;
hezbollah;https://www.counterextremism.com/blog/no-turkish-delight-us;
hezbollah;https://www.counterextremism.com/blog/no-turkish-delight-us;
hezbollah;https://www.counterextremism.com/blog/no-turkish-delight-us;
hezbollah;https://www.counterextremism.com/blog/no-turkish-delight-us;
hezbollah;https://www.counterextremism.com/blog/no-turkish-delight-us;
hezbollah;https://www.counterextremism.com/taxonomy/term/276;
hezbollah;https://www.counterextremism.com/taxonomy/term/276;
hezbollah;https://www.counterextremism.com/taxonomy/term/276;
hezbollah;https://www.counterextremism.com/taxonomy/term/276;
hezbollah;https://www.counterextremism.com/taxonomy/term/276;
hezbollah;https://www.counterextremism.com/blog/giving-voice-american-jihadists;
hezbollah;https://www.counterextremism.com/blog/giving-voice-american-jihadists;
hezbollah;https://www.counterextremism.com/blog/giving-voice-american-jihadists;
hezbollah;https://www.counterextremism.com/blog/giving-voice-american-jihadists;
hezbollah;https://www.counterextremism.com/blog/giving-voice-american-jihadists;
hezbollah;https://www.counterextremism.com/blog/are-british-taxpayers-supporting-radical-cleric;
hezbollah;https://www.counterextremism.com/blog/are-british-taxpayers-supporting-radical-cleric;
hezbollah;https://www.counterextremism.com/blog/are-british-taxpayers-supporting-radical-cleric;
hezbollah;https://www.counterextremism.com/blog/are-british-taxpayers-supporting-radical-cleric;
hezbollah;https://www.counterextremism.com/blog/are-british-taxpayers-supporting-radical-cleric;
hezbollah;https://www.counterextremism.com/content/nasir-al-wuhayshi-former-leader-january-2009-3;
hezbollah;https://www.counterextremism.com/content/nasir-al-wuhayshi-former-leader-january-2009-3;
hezbollah;https://www.counterextremism.com/content/nasir-al-wuhayshi-former-leader-january-2009-3;
hezbollah;https://www.counterextremism.com/content/nasir-al-wuhayshi-former-leader-january-2009-3;
hezbollah;https://www.counterextremism.com/content/nasir-al-wuhayshi-former-leader-january-2009-3;
hezbollah;https://www.counterextremism.com/content/nasser-al-wuhayshi-january-2009-1;
hezbollah;https://www.counterextremism.com/content/nasser-al-wuhayshi-january-2009-1;
hezbollah;https://www.counterextremism.com/content/nasser-al-wuhayshi-january-2009-1;
hezbollah;https://www.counterextremism.com/content/nasser-al-wuhayshi-january-2009-1;
hezbollah;https://www.counterextremism.com/content/nasser-al-wuhayshi-january-2009-1;
hezbollah;https://www.counterextremism.com/content/nasir-al-wuhayshi-former-leader-january-2009-0;
hezbollah;https://www.counterextremism.com/content/nasir-al-wuhayshi-former-leader-january-2009-0;
hezbollah;https://www.counterextremism.com/content/nasir-al-wuhayshi-former-leader-january-2009-0;
hezbollah;https://www.counterextremism.com/content/nasir-al-wuhayshi-former-leader-january-2009-0;
hezbollah;https://www.counterextremism.com/content/nasir-al-wuhayshi-former-leader-january-2009-0;
hezbollah;https://www.counterextremism.com/content/nasir-al-wuhayshi-former-leader-january-2009-1;
hezbollah;https://www.counterextremism.com/content/nasir-al-wuhayshi-former-leader-january-2009-1;
hezbollah;https://www.counterextremism.com/content/nasir-al-wuhayshi-former-leader-january-2009-1;
hezbollah;https://www.counterextremism.com/content/nasir-al-wuhayshi-former-leader-january-2009-1;
hezbollah;https://www.counterextremism.com/content/nasir-al-wuhayshi-former-leader-january-2009-1;
hezbollah;https://www.counterextremism.com/content/anwar-al-awlaki-former-senior-aqap-media-official-february-2009;
hezbollah;https://www.counterextremism.com/content/anwar-al-awlaki-former-senior-aqap-media-official-february-2009;
hezbollah;https://www.counterextremism.com/content/anwar-al-awlaki-former-senior-aqap-media-official-february-2009;
hezbollah;https://www.counterextremism.com/content/anwar-al-awlaki-former-senior-aqap-media-official-february-2009;
hezbollah;https://www.counterextremism.com/content/anwar-al-awlaki-former-senior-aqap-media-official-february-2009;
hezbollah;https://www.counterextremism.com/content/houthis-slogan;
hezbollah;https://www.counterextremism.com/content/houthis-slogan;
hezbollah;https://www.counterextremism.com/content/houthis-slogan;
hezbollah;https://www.counterextremism.com/content/houthis-slogan;
hezbollah;https://www.counterextremism.com/content/houthis-slogan;
hezbollah;https://www.counterextremism.com/content/abubakar-shekau-video-message-released-youtube-december-29-2016;
hezbollah;https://www.counterextremism.com/content/abubakar-shekau-video-message-released-youtube-december-29-2016;
hezbollah;https://www.counterextremism.com/content/abubakar-shekau-video-message-released-youtube-december-29-2016;
hezbollah;https://www.counterextremism.com/content/abubakar-shekau-video-message-released-youtube-december-29-2016;
hezbollah;https://www.counterextremism.com/content/abubakar-shekau-video-message-released-youtube-december-29-2016;
hezbollah;https://www.counterextremism.com/extremists/abu-qatada;
hezbollah;https://www.counterextremism.com/extremists/abu-qatada;
hezbollah;https://www.counterextremism.com/extremists/abu-qatada;
hezbollah;https://www.counterextremism.com/extremists/abu-qatada;
hezbollah;https://www.counterextremism.com/extremists/abu-qatada;
hezbollah;https://www.counterextremism.com/rhetoric-category/pro-islamism?page=31;
hezbollah;https://www.counterextremism.com/rhetoric-category/pro-islamism?page=31;
hezbollah;https://www.counterextremism.com/rhetoric-category/pro-islamism?page=31;
hezbollah;https://www.counterextremism.com/rhetoric-category/pro-islamism?page=31;
hezbollah;https://www.counterextremism.com/rhetoric-category/pro-islamism?page=31;
hezbollah;https://www.counterextremism.com/rhetoric-category/pro-islamism?page=8;
hezbollah;https://www.counterextremism.com/rhetoric-category/pro-islamism?page=8;
hezbollah;https://www.counterextremism.com/rhetoric-category/pro-islamism?page=8;
hezbollah;https://www.counterextremism.com/rhetoric-category/pro-islamism?page=8;
hezbollah;https://www.counterextremism.com/rhetoric-category/pro-islamism?page=8;
hezbollah;https://www.counterextremism.com/rhetoric-category/pro-islamism?page=7;
hezbollah;https://www.counterextremism.com/rhetoric-category/pro-islamism?page=7;
hezbollah;https://www.counterextremism.com/rhetoric-category/pro-islamism?page=7;
hezbollah;https://www.counterextremism.com/rhetoric-category/pro-islamism?page=7;
hezbollah;https://www.counterextremism.com/rhetoric-category/pro-islamism?page=7;
hezbollah;https://www.counterextremism.com/rhetoric-category/pro-islamism?page=6;
hezbollah;https://www.counterextremism.com/rhetoric-category/pro-islamism?page=6;
hezbollah;https://www.counterextremism.com/rhetoric-category/pro-islamism?page=6;
hezbollah;https://www.counterextremism.com/rhetoric-category/pro-islamism?page=6;
hezbollah;https://www.counterextremism.com/rhetoric-category/pro-islamism?page=6;
hezbollah;https://www.counterextremism.com/rhetoric-category/pro-violence?page=52;
hezbollah;https://www.counterextremism.com/rhetoric-category/pro-violence?page=52;
hezbollah;https://www.counterextremism.com/rhetoric-category/pro-violence?page=52;
hezbollah;https://www.counterextremism.com/rhetoric-category/pro-violence?page=52;
hezbollah;https://www.counterextremism.com/rhetoric-category/pro-violence?page=52;
hezbollah;https://www.counterextremism.com/rhetoric-category/pro-violence?page=8;
hezbollah;https://www.counterextremism.com/rhetoric-category/pro-violence?page=8;
hezbollah;https://www.counterextremism.com/rhetoric-category/pro-violence?page=8;
hezbollah;https://www.counterextremism.com/rhetoric-category/pro-violence?page=8;
hezbollah;https://www.counterextremism.com/rhetoric-category/pro-violence?page=8;
hezbollah;https://www.counterextremism.com/extremists/abu-muhammad-al-golani;
hezbollah;https://www.counterextremism.com/extremists/abu-muhammad-al-golani;
hezbollah;https://www.counterextremism.com/extremists/abu-muhammad-al-golani;
hezbollah;https://www.counterextremism.com/extremists/abu-muhammad-al-golani;
hezbollah;https://www.counterextremism.com/extremists/abu-muhammad-al-golani;